Year, Month,  Highest, MHHW, MHW, MSL, MTL, MLW, MLLW, DTL, GT, MN, DHQ, DLQ, HWI, LWI, Lowest, Inferred 
1940,5,,,,173.997,,,,,,,,,,,,0
1940,6,,,,174.085,,,,,,,,,,,,0
1940,7,,,,174.143,,,,,,,,,,,,0
1940,8,,,,174.131,,,,,,,,,,,,0
1940,9,,,,174.033,,,,,,,,,,,,0
1940,10,,,,173.982,,,,,,,,,,,,0
1940,11,,,,173.762,,,,,,,,,,,,0
1940,12,,,,173.811,,,,,,,,,,,,0
1941,1,,,,173.896,,,,,,,,,,,,0
1941,2,,,,173.738,,,,,,,,,,,,0
1941,3,,,,173.698,,,,,,,,,,,,0
1941,4,,,,173.832,,,,,,,,,,,,0
1941,5,,,,173.878,,,,,,,,,,,,0
1941,6,,,,173.960,,,,,,,,,,,,0
1941,7,,,,173.936,,,,,,,,,,,,0
1941,8,,,,173.887,,,,,,,,,,,,0
1941,9,,,,173.805,,,,,,,,,,,,0
1941,10,,,,173.692,,,,,,,,,,,,0
1941,11,,,,173.567,,,,,,,,,,,,0
1941,12,,,,173.582,,,,,,,,,,,,0
1942,1,,,,173.573,,,,,,,,,,,,0
1942,2,,,,173.582,,,,,,,,,,,,0
1942,3,,,,173.659,,,,,,,,,,,,0
1942,4,,,,173.982,,,,,,,,,,,,0
1942,5,,,,174.091,,,,,,,,,,,,0
1942,6,,,,174.207,,,,,,,,,,,,0
1942,7,,,,174.210,,,,,,,,,,,,0
1942,8,,,,174.195,,,,,,,,,,,,0
1942,9,,,,174.067,,,,,,,,,,,,0
1942,10,,,,174.049,,,,,,,,,,,,0
1942,11,,,,173.948,,,,,,,,,,,,0
1942,12,,,,173.896,,,,,,,,,,,,0
1943,1,,,,174.040,,,,,,,,,,,,0
1943,2,,,,173.902,,,,,,,,,,,,0
1943,3,,,,174.021,,,,,,,,,,,,0
1943,4,,,,174.165,,,,,,,,,,,,0
1943,5,,,,174.463,,,,,,,,,,,,0
1943,6,,,,174.643,,,,,,,,,,,,0
1943,7,,,,174.674,,,,,,,,,,,,0
1943,8,,,,174.594,,,,,,,,,,,,0
1943,9,,,,174.469,,,,,,,,,,,,0
1943,10,,,,174.378,,,,,,,,,,,,0
1943,11,,,,174.216,,,,,,,,,,,,0
1943,12,,,,174.091,,,,,,,,,,,,0
1944,1,,,,173.972,,,,,,,,,,,,0
1944,2,,,,173.939,,,,,,,,,,,,0
1944,3,,,,173.991,,,,,,,,,,,,0
1944,4,,,,174.256,,,,,,,,,,,,0
1944,5,,,,174.427,,,,,,,,,,,,0
1944,6,,,,174.457,,,,,,,,,,,,0
1944,7,,,,174.417,,,,,,,,,,,,0
1944,8,,,,174.344,,,,,,,,,,,,0
1944,9,,,,174.241,,,,,,,,,,,,0
1944,10,,,,174.137,,,,,,,,,,,,0
1944,11,,,,174.024,,,,,,,,,,,,0
1944,12,,,,173.930,,,,,,,,,,,,0
1945,1,,,,173.939,,,,,,,,,,,,0
1945,2,,,,173.851,,,,,,,,,,,,0
1945,3,,,,174.043,,,,,,,,,,,,0
1945,4,,,,174.238,,,,,,,,,,,,0
1945,5,,,,174.369,,,,,,,,,,,,0
1945,6,,,,174.536,,,,,,,,,,,,0
1945,7,,,,174.555,,,,,,,,,,,,0
1945,8,,,,174.500,,,,,,,,,,,,0
1945,9,,,,174.433,,,,,,,,,,,,0
1945,10,,,,174.396,,,,,,,,,,,,0
1945,11,,,,174.286,,,,,,,,,,,,0
1945,12,,,,174.229,,,,,,,,,,,,0
1946,1,,,,174.189,,,,,,,,,,,,0
1946,2,,,,174.036,,,,,,,,,,,,0
1946,3,,,,174.201,,,,,,,,,,,,0
1946,4,,,,174.244,,,,,,,,,,,,0
1946,5,,,,174.311,,,,,,,,,,,,0
1946,6,,,,174.475,,,,,,,,,,,,0
1946,7,,,,174.509,,,,,,,,,,,,0
1946,8,,,,174.387,,,,,,,,,,,,0
1946,9,,,,174.274,,,,,,,,,,,,0
1946,10,,,,174.152,,,,,,,,,,,,0
1946,11,,,,174.012,,,,,,,,,,,,0
1946,12,,,,173.869,,,,,,,,,,,,0
1947,1,,,,173.860,,,,,,,,,,,,0
1947,2,,,,173.851,,,,,,,,,,,,0
1947,3,,,,173.820,,,,,,,,,,,,0
1947,4,,,,174.277,,,,,,,,,,,,0
1947,5,,,,174.530,,,,,,,,,,,,0
1947,6,,,,174.716,,,,,,,,,,,,0
1947,7,,,,174.634,,,,,,,,,,,,0
1947,8,,,,174.600,,,,,,,,,,,,0
1947,9,,,,174.527,,,,,,,,,,,,0
1947,10,,,,174.396,,,,,,,,,,,,0
1947,11,,,,174.213,,,,,,,,,,,,0
1947,12,,,,174.128,,,,,,,,,,,,0
1948,1,,,,174.155,,,,,,,,,,,,0
1948,2,,,,174.094,,,,,,,,,,,,0
1948,3,,,,174.213,,,,,,,,,,,,0
1948,4,,,,174.454,,,,,,,,,,,,0
1948,5,,,,174.552,,,,,,,,,,,,0
1948,6,,,,174.585,,,,,,,,,,,,0
1948,7,,,,174.561,,,,,,,,,,,,0
1948,8,,,,174.451,,,,,,,,,,,,0
1948,9,,,,174.350,,,,,,,,,,,,0
1948,10,,,,174.152,,,,,,,,,,,,0
1948,11,,,,174.046,,,,,,,,,,,,0
1948,12,,,,173.957,,,,,,,,,,,,0
1949,1,,,,173.976,,,,,,,,,,,,0
1949,2,,,,174.055,,,,,,,,,,,,0
1949,3,,,,174.104,,,,,,,,,,,,0
1949,4,,,,174.168,,,,,,,,,,,,0
1949,5,,,,174.225,,,,,,,,,,,,0
1949,6,,,,174.250,,,,,,,,,,,,0
1949,7,,,,174.232,,,,,,,,,,,,0
1949,8,,,,174.146,,,,,,,,,,,,0
1949,9,,,,173.982,,,,,,,,,,,,0
1949,10,,,,173.930,,,,,,,,,,,,0
1949,11,,,,173.732,,,,,,,,,,,,0
1949,12,,,,173.729,,,,,,,,,,,,0
1950,1,174.616,,,173.921,,,,,,,,,,,172.747,0
1950,2,174.713,,,174.104,,,,,,,,,,,173.457,0
1950,3,174.570,,,174.116,,,,,,,,,,,173.223,0
1950,4,174.780,,,174.360,,,,,,,,,,,173.652,0
1950,5,174.722,,,174.430,,,,,,,,,,,174.244,0
1950,6,174.555,,,174.360,,,,,,,,,,,174.055,0
1950,7,174.927,,,174.329,,,,,,,,,,,173.924,0
1950,8,174.521,,,174.232,,,,,,,,,,,173.924,0
1950,9,174.536,,,174.207,,,,,,,,,,,173.756,0
1950,10,174.387,,,174.125,,,,,,,,,,,173.607,0
1950,11,174.765,,,173.982,,,,,,,,,,,173.274,0
1950,12,,,,174.152,,,,,,,,,,,,0
1951,1,174.402,,,174.143,,,,,,,,,,,173.375,0
1951,2,174.747,,,174.174,,,,,,,,,,,173.838,0
1951,3,174.927,,,174.363,,,,,,,,,,,173.189,0
1951,4,174.978,,,174.518,,,,,,,,,,,174.046,0
1951,5,175.094,,,174.610,,,,,,,,,,,174.347,0
1951,6,174.884,,,174.628,,,,,,,,,,,174.384,0
1951,7,174.838,,,174.591,,,,,,,,,,,174.216,0
1951,8,174.756,,,174.512,,,,,,,,,,,174.018,0
1951,9,174.783,,,174.390,,,,,,,,,,,173.756,0
1951,10,175.009,,,174.308,,,,,,,,,,,173.470,0
1951,11,174.780,,,174.219,,,,,,,,,,,173.479,0
1951,12,174.634,,,174.259,,,,,,,,,,,173.512,0
1952,1,174.869,,,174.408,,,,,,,,,,,173.710,0
1952,2,174.917,,,174.594,,,,,,,,,,,174.094,0
1952,3,175.359,,,174.667,,,,,,,,,,,174.067,0
1952,4,175.195,,,174.792,,,,,,,,,,,174.314,0
1952,5,175.329,,,174.820,,,,,,,,,,,174.235,0
1952,6,175.247,,,174.841,,,,,,,,,,,174.555,0
1952,7,175.237,,,174.777,,,,,,,,,,,174.512,0
1952,8,174.905,,,174.719,,,,,,,,,,,174.445,0
1952,9,174.878,,,174.610,,,,,,,,,,,174.344,0
1952,10,174.823,,,174.393,,,,,,,,,,,173.991,0
1952,11,174.716,,,174.229,,,,,,,,,,,173.393,0
1952,12,174.521,,,174.244,,,,,,,,,,,173.921,0
1953,1,174.887,,,174.302,,,,,,,,,,,173.649,0
1953,2,174.552,,,174.265,,,,,,,,,,,173.177,0
1953,3,174.902,,,174.366,,,,,,,,,,,173.655,0
1953,4,174.866,,,174.433,,,,,,,,,,,173.774,0
1953,5,175.045,,,174.567,,,,,,,,,,,174.201,0
1953,6,174.872,,,174.652,,,,,,,,,,,174.430,0
1953,7,175.006,,,174.631,,,,,,,,,,,174.320,0
1953,8,174.875,,,174.588,,,,,,,,,,,174.393,0
1953,9,174.750,,,174.442,,,,,,,,,,,173.811,0
1953,10,174.585,,,174.347,,,,,,,,,,,173.951,0
1953,11,174.497,,,174.204,,,,,,,,,,,173.793,0
1953,12,174.570,,,173.881,,,,,,,,,,,173.058,0
1954,1,174.454,,,174.073,,,,,,,,,,,173.485,0
1954,2,174.390,,,174.052,,,,,,,,,,,173.619,0
1954,3,174.936,,,174.152,,,,,,,,,,,173.363,0
1954,4,174.826,,,174.469,,,,,,,,,,,174.125,0
1954,5,174.957,,,174.546,,,,,,,,,,,174.286,0
1954,6,174.884,,,174.539,,,,,,,,,,,174.899,0
1954,7,174.734,,,174.518,,,,,,,,,,,174.338,0
1954,8,174.652,,,174.448,,,,,,,,,,,174.189,0
1954,9,174.704,,,174.357,,,,,,,,,,,173.299,0
1954,10,174.917,,,174.402,,,,,,,,,,,173.814,0
1954,11,174.817,,,174.378,,,,,,,,,,,173.637,0
1954,12,175.271,,,174.350,,,,,,,,,,,173.976,0
1955,1,174.762,,,174.408,,,,,,,,,,,173.640,0
1955,2,174.728,,,174.378,,,,,,,,,,,173.768,0
1955,3,175.058,,,174.460,,,,,,,,,,,173.125,0
1955,4,174.942,,,174.634,,,,,,,,,,,174.305,0
1955,5,175.137,,,174.643,,,,,,,,,,,174.317,0
1955,6,174.866,,,174.619,,,,,,,,,,,174.387,0
1955,7,174.762,,,174.573,,,,,,,,,,,174.353,0
1955,8,174.893,,,174.500,,,,,,,,,,,174.058,0
1955,9,174.625,,,174.399,,,,,,,,,,,174.140,0
1955,10,174.573,,,174.256,,,,,,,,,,,173.655,0
1955,11,174.552,,,174.073,,,,,,,,,,,172.921,0
1955,12,174.384,,,174.049,,,,,,,,,,,173.372,0
1956,1,174.302,,,173.954,,,,,,,,,,,173.503,0
1956,2,174.421,,,173.802,,,,,,,,,,,172.988,0
1956,3,174.738,,,174.000,,,,,,,,,,,172.979,0
1956,4,174.792,,,174.143,,,,,,,,,,,173.467,0
1956,5,174.750,,,174.414,,,,,,,,,,,174.082,0
1956,6,174.869,,,174.481,,,,,,,,,,,174.134,0
1956,7,174.808,,,174.485,,,,,,,,,,,174.125,0
1956,8,174.713,,,174.448,,,,,,,,,,,174.110,0
1956,9,174.750,,,174.381,,,,,,,,,,,173.997,0
1956,10,174.628,,,174.247,,,,,,,,,,,173.857,0
1956,11,174.299,,,173.988,,,,,,,,,,,173.018,0
1956,12,174.363,,,173.972,,,,,,,,,,,173.323,0
1957,1,174.195,,,173.896,,,,,,,,,,,173.561,0
1957,2,174.256,,,173.908,,,,,,,,,,,173.512,0
1957,3,174.460,,,173.982,,,,,,,,,,,173.503,0
1957,4,174.719,,,174.177,,,,,,,,,,,173.281,0
1957,5,174.628,,,174.314,,,,,,,,,,,173.927,0
1957,6,174.585,,,174.320,,,,,,,,,,,173.774,0
1957,7,174.683,,,174.396,,,,,,,,,,,174.061,0
1957,8,174.765,,,174.296,,,,,,,,,,,174.033,0
1957,9,174.454,,,174.146,,,,,,,,,,,173.671,0
1957,10,174.360,,,174.055,,,,,,,,,,,173.662,0
1957,11,174.384,,,173.851,,,,,,,,,,,172.729,0
1957,12,174.396,,,173.924,,,,,,,,,,,173.424,0
1958,1,174.357,,,173.896,,,,,,,,,,,173.244,0
1958,2,174.189,,,173.738,,,,,,,,,,,173.366,0
1958,3,174.134,,,173.811,,,,,,,,,,,173.595,0
1958,4,174.286,,,173.884,,,,,,,,,,,173.156,0
1958,5,174.338,,,173.939,,,,,,,,,,,173.695,0
1958,6,174.235,,,173.985,,,,,,,,,,,173.576,0
1958,7,174.326,,,174.064,,,,,,,,,,,173.796,0
1958,8,174.332,,,174.043,,,,,,,,,,,173.652,0
1958,9,174.250,,,173.976,,,,,,,,,,,173.448,0
1958,10,174.229,,,173.835,,,,,,,,,,,173.262,0
1958,11,174.192,,,173.686,,,,,,,,,,,172.738,0
1958,12,173.899,,,173.668,,,,,,,,,,,173.146,0
1959,1,173.841,,,173.588,,,,,,,,,,,172.933,0
1959,2,173.927,,,173.723,,,,,,,,,,,173.223,0
1959,3,174.396,,,173.838,,,,,,,,,,,172.717,0
1959,4,174.494,,,174.033,,,,,,,,,,,173.131,0
1959,5,174.442,,,174.180,,,,,,,,,,,173.951,0
1959,6,174.347,,,174.165,,,,,,,,,,,173.945,0
1959,7,174.369,,,174.088,,,,,,,,,,,173.735,0
1959,8,174.274,,,174.027,,,,,,,,,,,173.802,0
1959,9,174.180,,,173.942,,,,,,,,,,,173.665,0
1959,10,174.308,,,173.887,,,,,,,,,,,173.250,0
1959,11,174.183,,,173.750,,,,,,,,,,,173.131,0
1959,12,174.411,,,173.844,,,,,,,,,,,173.195,0
1960,1,174.369,,,173.905,,,,,,,,,,,173.210,0
1960,2,174.445,,,173.915,,,,,,,,,,,173.305,0
1960,3,174.463,,,173.972,,,,,,,,,,,173.192,0
1960,4,174.448,,,174.155,,,,,,,,,,,173.479,0
1960,5,174.567,,,174.289,,,,,,,,,,,173.780,0
1960,6,174.600,,,174.387,,,,,,,,,,,173.793,0
1960,7,174.814,,,174.405,,,,,,,,,,,174.076,0
1960,8,174.661,,,174.417,,,,,,,,,,,174.183,0
1960,9,174.701,,,174.329,,,,,,,,,,,174.076,0
1960,10,174.530,,,174.168,,,,,,,,,,,173.467,0
1960,11,174.271,,,173.969,,,,,,,,,,,173.186,0
1960,12,174.140,,,173.896,,,,,,,,,,,173.512,0
1961,1,174.293,,,173.887,,,,,,,,,,,173.521,0
1961,2,174.192,,,173.887,,,,,,,,,,,173.271,0
1961,3,174.905,,,174.100,,,,,,,,,,,173.576,0
1961,4,174.747,,,174.229,,,,,,,,,,,173.442,0
1961,5,174.747,,,174.457,,,,,,,,,,,173.994,0
1961,6,175.103,,,174.439,,,,,,,,,,,173.927,0
1961,7,174.588,,,174.393,,,,,,,,,,,174.165,0
1961,8,174.698,,,174.360,,,,,,,,,,,174.073,0
1961,9,174.533,,,174.277,,,,,,,,,,,173.543,0
1961,10,174.353,,,174.076,,,,,,,,,,,173.595,0
1961,11,174.390,,,173.960,,,,,,,,,,,173.518,0
1961,12,174.293,,,173.854,,,,,,,,,,,172.997,0
1962,1,174.506,,,173.851,,,,,,,,,,,173.159,0
1962,2,174.308,,,173.854,,,,,,,,,,,173.226,0
1962,3,174.274,,,173.963,,,,,,,,,,,173.662,0
1962,4,174.366,,,174.043,,,,,,,,,,,173.503,0
1962,5,174.408,,,174.097,,,,,,,,,,,173.506,0
1962,6,174.536,,,174.146,,,,,,,,,,,173.878,0
1962,7,174.478,,,174.116,,,,,,,,,,,173.655,0
1962,8,174.396,,,174.085,,,,,,,,,,,173.841,0
1962,9,174.204,,,173.979,,,,,,,,,,,173.546,0
1962,10,174.186,,,173.912,,,,,,,,,,,173.293,0
1962,11,174.390,,,173.899,,,,,,,,,,,172.967,0
1962,12,174.320,,,173.774,,,,,,,,,,,173.119,0
1963,1,174.030,,,173.753,,,,,,,,,,,173.238,0
1963,2,173.887,,,173.698,,,,,,,,,,,173.448,0
1963,3,174.262,,,173.765,,,,,,,,,,,173.140,0
1963,4,174.387,,,173.927,,,,,,,,,,,173.345,0
1963,5,174.308,,,174.000,,,,,,,,,,,173.677,0
1963,6,174.503,,,173.985,,,,,,,,,,,173.555,0
1963,7,174.344,,,173.918,,,,,,,,,,,173.326,0
1963,8,174.116,,,173.872,,,,,,,,,,,173.293,0
1963,9,174.210,,,173.826,,,,,,,,,,,173.433,0
1963,10,173.951,,,173.710,,,,,,,,,,,173.430,0
1963,11,174.061,,,173.558,,,,,,,,,,,172.872,0
1963,12,173.976,,,173.500,,,,,,,,,,,172.711,0
1964,1,174.427,,,173.509,,,,,,,,,,,172.680,0
1964,2,173.747,,,173.512,,,,,,,,,,,173.046,0
1964,3,174.332,,,173.613,,,,,,,,,,,172.384,0
1964,4,174.216,,,173.826,,,,,,,,,,,173.229,0
1964,5,174.189,,,173.890,,,,,,,,,,,173.040,0
1964,6,174.161,,,173.893,,,,,,,,,,,173.439,0
1964,7,174.116,,,173.854,,,,,,,,,,,173.470,0
1964,8,174.155,,,173.790,,,,,,,,,,,173.381,0
1964,9,173.957,,,173.710,,,,,,,,,,,173.012,0
1964,10,173.902,,,173.540,,,,,,,,,,,172.851,0
1964,11,173.887,,,173.436,,,,,,,,,,,172.558,0
1964,12,173.933,,,173.457,,,,,,,,,,,172.781,0
1965,1,174.198,,,173.506,,,,,,,,,,,172.662,0
1965,2,173.933,,,173.540,,,,,,,,,,,172.790,0
1965,3,174.521,,,173.729,,,,,,,,,,,173.104,0
1965,4,174.229,,,173.872,,,,,,,,,,,173.223,0
1965,5,174.158,,,173.960,,,,,,,,,,,173.628,0
1965,6,174.408,,,173.997,,,,,,,,,,,173.713,0
1965,7,174.253,,,173.936,,,,,,,,,,,173.655,0
1965,8,174.107,,,173.866,,,,,,,,,,,173.305,0
1965,9,174.235,,,173.863,,,,,,,,,,,173.256,0
1965,10,174.219,,,173.710,,,,,,,,,,,173.052,0
1965,11,174.180,,,173.625,,,,,,,,,,,172.656,0
1965,12,174.058,,,173.698,,,,,,,,,,,173.265,0
1966,1,174.326,,,173.765,,,,,,,,,,,173.031,0
1966,2,174.046,,,173.838,,,,,,,,,,,173.357,0
1966,3,174.372,,,173.893,,,,,,,,,,,173.369,0
1966,4,175.100,,,174.064,,,,,,,,,,,173.326,0
1966,5,174.445,,,174.146,,,,,,,,,,,173.732,0
1966,6,174.448,,,174.180,,,,,,,,,,,173.899,0
1966,7,174.433,,,174.149,,,,,,,,,,,173.841,0
1966,8,174.357,,,174.079,,,,,,,,,,,173.741,0
1966,9,174.588,,,173.985,,,,,,,,,,,173.235,0
1966,10,174.186,,,173.780,,,,,,,,,,,173.220,0
1966,11,174.094,,,173.780,,,,,,,,,,,172.814,0
1966,12,174.381,,,173.905,,,,,,,,,,,173.223,0
1967,1,174.600,,,173.915,,,,,,,,,,,173.143,0
1967,2,174.549,,,173.927,,,,,,,,,,,172.674,0
1967,3,174.317,,,173.991,,,,,,,,,,,173.463,0
1967,4,174.481,,,174.158,,,,,,,,,,,173.521,0
1967,5,174.695,,,174.296,,,,,,,,,,,173.899,0
1967,6,174.573,,,174.308,,,,,,,,,,,174.040,0
1967,7,174.494,,,174.311,,,,,,,,,,,174.070,0
1967,8,174.506,,,174.265,,,,,,,,,,,173.899,0
1967,9,174.521,,,174.165,,,,,,,,,,,173.823,0
1967,10,174.603,,,174.079,,,,,,,,,,,172.921,0
1967,11,174.414,,,173.988,,,,,,,,,,,173.259,0
1967,12,174.570,,,174.107,,,,,,,,,,,173.588,0
1968,1,174.506,,,174.171,,,,,,,,,,,173.460,0
1968,2,174.509,,,174.216,,,,,,,,,,,173.692,0
1968,3,174.628,,,174.229,,,,,,,,,,,173.646,0
1968,4,174.619,,,174.326,,,,,,,,,,,173.735,0
1968,5,174.981,,,174.393,,,,,,,,,,,173.945,0
1968,6,174.957,,,174.424,,,,,,,,,,,174.058,0
1968,7,174.710,,,174.445,,,,,,,,,,,174.140,0
1968,8,174.634,,,174.384,,,,,,,,,,,173.878,0
1968,9,174.585,,,174.308,,,,,,,,,,,173.997,0
1968,10,174.481,,,174.146,,,,,,,,,,,173.546,0
1968,11,174.722,,,174.067,,,,,,,,,,,173.372,0
1968,12,174.521,,,174.036,,,,,,,,,,,172.836,0
1969,1,174.460,,,174.146,,,,,,,,,,,173.473,0
1969,2,174.530,,,174.283,,,,,,,,,,,173.780,0
1969,3,174.631,,,174.232,,,,,,,,,,,173.808,0
1969,4,174.939,,,174.463,,,,,,,,,,,174.180,0
1969,5,174.884,,,174.619,,,,,,,,,,,173.777,0
1969,6,174.930,,,174.698,,,,,,,,,,,174.405,0
1969,7,175.073,,,174.783,,,,,,,,,,,174.317,0
1969,8,174.963,,,174.704,,,,,,,,,,,174.417,0
1969,9,174.890,,,174.555,,,,,,,,,,,174.210,0
1969,10,174.844,,,174.369,,,,,,,,,,,173.698,0
1969,11,174.478,,,174.259,,,,,,,,,,,173.637,0
1969,12,174.768,,,174.271,,,,,,,,,,,173.689,0
1970,1,174.439,,,174.142,,,,,,,,,,,173.674,0
1970,2,174.390,,,174.128,,,,,,,,,,,173.832,0
1970,3,174.789,,,174.198,,,,,,,,,,,173.180,0
1970,4,174.930,,,174.367,,,,,,,,,,,173.281,0
1970,5,174.710,,,174.447,,,,,,,,,,,174.064,0
1970,6,174.777,,,174.502,,,,,,,,,,,174.146,0
1970,7,174.847,,,174.483,,,,,,,,,,,174.110,0
1970,8,174.719,,,174.452,,,,,,,,,,,174.152,0
1970,9,174.802,,,174.374,,,,,,,,,,,173.854,0
1970,10,174.622,,,174.325,,,,,,,,,,,173.823,0
1970,11,174.780,,,174.232,,,,,,,,,,,173.293,0
1970,12,174.987,,,174.227,,,,,,,,,,,173.204,0
1971,1,174.722,,,174.174,,,,,,,,,,,172.866,0
1971,2,174.768,,,174.199,,,,,,,,,,,173.591,0
1971,3,174.741,,,174.327,,,,,,,,,,,173.366,0
1971,4,174.774,,,174.433,,,,,,,,,,,173.631,0
1971,5,174.805,,,174.500,,,,,,,,,,,174.085,0
1971,6,175.170,,,174.572,,,,,,,,,,,174.198,0
1971,7,174.783,,,174.519,,,,,,,,,,,174.213,0
1971,8,174.762,,,174.475,,,,,,,,,,,174.186,0
1971,9,174.692,,,174.449,,,,,,,,,,,174.033,0
1971,10,174.689,,,174.365,,,,,,,,,,,173.905,0
1971,11,174.664,,,174.183,,,,,,,,,,,173.436,0
1971,12,174.951,,,174.214,,,,,,,,,,,173.086,0
1972,1,174.622,,,174.220,,,,,,,,,,,172.869,0
1972,2,174.536,,,174.260,,,,,,,,,,,173.668,0
1972,3,174.859,,,174.383,,,,,,,,,,,173.854,0
1972,4,175.119,,,174.558,,,,,,,,,,,174.158,0
1972,5,174.933,,,174.693,,,,,,,,,,,174.500,0
1972,6,174.859,,,174.661,,,,,,,,,,,174.216,0
1972,7,174.984,,,174.737,,,,,,,,,,,174.488,0
1972,8,175.064,,,174.685,,,,,,,,,,,174.204,0
1972,9,174.960,,,174.648,,,,,,,,,,,174.253,0
1972,10,174.884,,,174.569,,,,,,,,,,,174.140,0
1972,11,175.484,,,174.619,,,,,,,,,,,173.936,0
1972,12,175.125,,,174.649,,,,,,,,,,,173.619,0
1973,1,175.375,,,174.674,,,,,,,,,,,174.018,0
1973,2,175.161,,,174.754,,,,,,,,,,,174.326,0
1973,3,175.222,,,174.851,,,,,,,,,,,173.930,0
1973,4,175.716,,,174.983,,,,,,,,,,,174.430,0
1973,5,175.311,,,174.972,,,,,,,,,,,174.594,0
1973,6,175.795,,,175.064,,,,,,,,,,,174.823,0
1973,7,175.283,,,175.005,,,,,,,,,,,174.576,0
1973,8,175.143,,,174.909,,,,,,,,,,,174.692,0
1973,9,175.079,,,174.769,,,,,,,,,,,174.335,0
1973,10,175.216,,,174.644,,,,,,,,,,,174.122,0
1973,11,174.844,,,174.467,,,,,,,,,,,173.640,0
1973,12,175.164,,,174.515,,,,,,,,,,,173.729,0
1974,1,174.991,,,174.604,,,,,,,,,,,173.957,0
1974,2,175.122,,,174.707,,,,,,,,,,,173.899,0
1974,3,175.411,,,174.865,,,,,,,,,,,174.289,0
1974,4,175.554,,,174.956,,,,,,,,,,,174.073,0
1974,5,175.436,,,174.987,,,,,,,,,,,174.542,0
1974,6,175.189,,,174.973,,,,,,,,,,,174.344,0
1974,7,175.201,,,174.932,,,,,,,,,,,174.637,0
1974,8,175.164,,,174.841,,,,,,,,,,,174.527,0
1974,9,174.984,,,174.686,,,,,,,,,,,173.854,0
1974,10,174.777,,,174.527,,,,,,,,,,,174.171,0
1974,11,175.027,,,174.454,,,,,,,,,,,173.680,0
1974,12,175.295,,,174.533,,,,,,,,,,,173.933,0
1975,1,175.061,,,174.524,,,,,,,,,,,173.686,0
1975,2,174.987,,,174.567,,,,,,,,,,,173.780,0
1975,3,175.469,,,174.729,,,,,,,,,,,173.997,0
1975,4,175.445,,,174.735,,,,,,,,,,,173.704,0
1975,5,174.954,,,174.782,,,,,,,,,,,174.536,0
1975,6,175.317,,,174.828,,,,,,,,,,,174.491,0
1975,7,175.027,,,174.775,,,,,,,,,,,174.521,0
1975,8,175.368,,,174.741,,,,,,,,,,,174.405,0
1975,9,175.222,,,174.737,,,,,,,,,,,174.372,0
1975,10,175.213,,,174.633,,,,,,,,,,,174.332,0
1975,11,175.176,,,174.475,,,,,,,,,,,173.287,0
1975,12,174.957,,,174.465,,,,,,,,,,,173.259,0
1976,1,174.930,,,174.454,,,,,,,,,,,173.872,0
1976,2,174.896,,,174.489,,,,,,,,,,,173.976,0
1976,3,175.445,,,174.808,,,,,,,,,,,174.067,0
1976,4,175.399,,,174.858,,,,,,,,,,,174.591,0
1976,5,175.183,,,174.861,,,,,,,,,,,174.357,0
1976,6,175.183,,,174.855,,,,,,,,,,,174.546,0
1976,7,175.048,,,174.824,,,,,,,,,,,174.527,0
1976,8,175.091,,,174.790,,,,,,,,,,,174.503,0
1976,9,174.966,,,174.619,,,,,,,,,,,174.073,0
1976,10,174.783,,,174.464,,,,,,,,,,,173.884,0
1976,11,174.524,,,174.235,,,,,,,,,,,173.759,0
1976,12,174.588,,,174.173,,,,,,,,,,,173.652,0
1977,1,174.518,,,174.137,,,,,,,,,,,173.662,0
1977,2,174.317,,,174.117,,,,,,,,,,,173.732,0
1977,3,174.756,,,174.252,,,,,,,,,,,173.793,0
1977,4,174.768,,,174.455,,,,,,,,,,,173.701,0
1977,5,175.283,,,174.586,,,,,,,,,,,174.232,0
1977,6,174.896,,,174.497,,,,,,,,,,,174.137,0
1977,7,174.795,,,174.505,,,,,,,,,,,174.067,0
1977,8,174.728,,,174.469,,,,,,,,,,,174.241,0
1977,9,174.798,,,174.446,,,,,,,,,,,174.058,0
1977,10,174.902,,,174.377,,,,,,,,,,,173.851,0
1977,11,174.719,,,174.257,,,,,,,,,,,173.604,0
1977,12,174.975,,,174.306,,,,,,,,,,,173.207,0
1978,1,174.896,,,174.361,,,,,,,,,,,173.439,0
1978,2,174.506,,,174.409,,,,,,,,,,,174.311,0
1978,3,174.872,,,174.414,,,,,,,,,,,174.116,0
1978,4,175.036,,,174.675,,,,,,,,,,,174.353,0
1978,5,175.112,,,174.724,,,,,,,,,,,174.381,0
1978,6,174.987,,,174.674,,,,,,,,,,,174.350,0
1978,7,174.960,,,174.608,,,,,,,,,,,174.314,0
1978,8,174.753,,,174.506,,,,,,,,,,,174.235,0
1978,9,174.872,,,174.422,,,,,,,,,,,174.116,0
1978,10,174.631,,,174.293,,,,,,,,,,,173.628,0
1978,11,174.646,,,174.216,,,,,,,,,,,173.159,0
1978,12,174.628,,,174.076,,,,,,,,,,,173.390,0
1979,1,174.384,,,174.144,,,,,,,,,,,173.622,0
1979,2,174.433,,,174.163,,,,,,,,,,,173.838,0
1979,3,174.527,,,174.259,,,,,,,,,,,173.808,0
1979,4,174.902,,,174.523,,,,,,,,,,,172.717,0
1979,5,174.838,,,174.639,,,,,,,,,,,174.372,0
1979,6,174.939,,,174.665,,,,,,,,,,,174.073,0
1979,7,174.847,,,174.659,,,,,,,,,,,174.457,0
1979,8,174.933,,,174.625,,,,,,,,,,,174.219,0
1979,9,174.823,,,174.613,,,,,,,,,,,174.378,0
1979,10,174.811,,,174.475,,,,,,,,,,,173.884,0
1979,11,174.756,,,174.371,,,,,,,,,,,173.750,0
1979,12,174.695,,,174.397,,,,,,,,,,,173.665,0
1980,1,175.122,,,174.471,,,,,,,,,,,173.287,0
1980,2,174.789,,,174.447,,,,,,,,,,,173.966,0
1980,3,175.048,,,174.483,,,,,,,,,,,173.674,0
1980,4,175.548,,,174.723,,,,,,,,,,,174.195,0
1980,5,174.984,,,174.731,,,,,,,,,,,174.353,0
1980,6,175.173,,,174.750,,,,,,,,,,,174.286,0
1980,7,174.923,,,174.738,,,,,,,,,,,174.500,0
1980,8,175.027,,,174.770,,,,,,,,,,,174.503,0
1980,9,175.152,,,174.686,,,,,,,,,,,174.225,0
1980,10,174.771,,,174.453,,,,,,,,,,,173.753,0
1980,11,174.850,,,174.335,,,,,,,,,,,173.759,0
1980,12,174.628,,,174.283,,,,,,,,,,,173.241,0
1981,1,174.302,,,174.166,,,,,,,,,,,173.921,0
1981,2,174.512,,,174.211,,,,,,,,,,,173.787,0
1981,3,174.573,,,174.325,,,,,,,,,,,173.707,0
1981,4,174.795,,,174.432,,,,,,,,,,,173.918,0
1981,5,174.762,,,174.561,,,,,,,,,,,174.335,0
1981,6,174.957,,,174.633,,,,,,,,,,,174.180,0
1981,7,175.006,,,174.687,,,,,,,,,,,174.381,0
1981,8,174.859,,,174.629,,,,,,,,,,,174.323,0
1981,9,174.905,,,174.561,,,,,,,,,,,174.116,0
1981,10,174.978,,,174.501,,,,,,,,,,,173.476,0
1981,11,175.079,,,174.420,,,,,,,,,,,173.567,0
1981,12,175.033,,,174.344,,,,,,,,,,,173.805,0
1982,1,174.942,,,174.314,,,,,,,,,,,173.079,0
1982,2,174.780,,,174.390,,,,,,,,,,,173.988,0
1982,3,174.768,,,174.500,,,,,,,,,,,174.049,0
1982,4,175.320,,,174.665,,,,,,,,,,,173.323,0
1982,5,174.908,,,174.706,,,,,,,,,,,174.549,0
1982,6,175.021,,,174.697,,,,,,,,,,,174.350,0
1982,7,174.960,,,174.663,,,,,,,,,,,174.262,0
1982,8,174.783,,,174.540,,,,,,,,,,,174.064,0
1982,9,174.835,,,174.423,,,,,,,,,,,174.128,0
1982,10,174.814,,,174.328,,,,,,,,,,,173.399,0
1982,11,174.686,,,174.285,,,,,,,,,,,173.521,0
1982,12,174.798,,,174.373,,,,,,,,,,,173.598,0
1983,1,174.783,,,174.419,,,,,,,,,,,173.854,0
1983,2,174.789,,,174.442,,,,,,,,,,,173.954,0
1983,3,175.277,,,174.474,,,,,,,,,,,174.030,0
1983,4,175.103,,,174.602,,,,,,,,,,,174.116,0
1983,5,175.070,,,174.757,,,,,,,,,,,174.417,0
1983,6,175.381,,,174.792,,,,,,,,,,,174.542,0
1983,7,175.143,,,174.784,,,,,,,,,,,174.573,0
1983,8,175.207,,,174.776,,,,,,,,,,,174.552,0
1983,9,174.866,,,174.610,,,,,,,,,,,174.210,0
1983,10,174.838,,,174.513,,,,,,,,,,,173.848,0
1983,11,175.131,,,174.420,,,,,,,,,,,173.829,0
1983,12,174.994,,,174.498,,,,,,,,,,,173.704,0
1984,1,174.753,,,174.478,,,,,,,,,,,174.277,0
1984,2,175.289,,,174.484,,,,,,,,,,,174.198,0
1984,3,175.189,,,174.620,,,,,,,,,,,173.942,0
1984,4,175.131,,,174.704,,,,,,,,,,,173.686,0
1984,5,175.250,,,174.670,,,,,,,,,,,173.982,0
1984,6,174.991,,,174.782,,,,,,,,,,,174.512,0
1984,7,174.963,,,174.754,,,,,,,,,,,174.503,0
1984,8,174.981,,,174.705,,,,,,,,,,,174.442,0
1984,9,174.856,,,174.624,,,,,,,,,,,174.052,0
1984,10,174.853,,,174.572,,,,,,,,,,,174.152,0
1984,11,174.835,,,174.435,,,,,,,,,,,173.765,0
1984,12,174.923,,,174.384,,,,,,,,,,,173.701,0
1985,1,174.994,,,174.440,,,,,,,,,,,173.841,0
1985,2,174.902,,,174.581,,,,,,,,,,,174.274,0
1985,3,175.749,,,174.873,,,,,,,,,,,173.652,0
1985,4,175.274,,,175.023,,,,,,,,,,,174.137,0
1985,5,175.356,,,175.001,,,,,,,,,,,174.466,0
1985,6,175.253,,,174.966,,,,,,,,,,,174.640,0
1985,7,175.262,,,174.925,,,,,,,,,,,174.640,0
1985,8,175.170,,,174.840,,,,,,,,,,,174.558,0
1985,9,175.097,,,174.768,,,,,,,,,,,174.329,0
1985,10,175.082,,,174.650,,,,,,,,,,,173.860,0
1985,11,175.478,,,174.799,,,,,,,,,,,174.113,0
1985,12,175.088,,,174.740,,,,,,,,,,,173.430,0
1986,1,175.018,,,174.726,,,,,,,,,,,174.058,0
1986,2,175.704,,,174.871,,,,,,,,,,,174.411,0
1986,3,175.359,,,174.940,,,,,,,,,,,174.171,0
1986,4,175.375,,,175.021,,,,,,,,,,,174.677,0
1986,5,175.311,,,175.042,,,,,,,,,,,174.664,0
1986,6,175.411,,,175.114,,,,,,,,,,,174.768,0
1986,7,175.344,,,175.111,,,,,,,,,,,174.841,0
1986,8,175.405,,,175.022,,,,,,,,,,,174.643,0
1986,9,175.463,,,174.924,,,,,,,,,,,174.375,0
1986,10,175.402,,,175.008,,,,,,,,,,,174.518,0
1986,11,175.338,,,174.885,,,,,,,,,,,174.180,0
1986,12,175.478,,,174.915,,,,,,,,,,,174.225,0
1987,1,175.603,,,174.891,,,,,,,,,,,174.100,0
1987,2,175.204,,,174.842,,,,,,,,,,,174.058,0
1987,3,175.112,,,174.811,,,,,,,,,,,174.165,0
1987,4,175.228,,,174.893,,,,,,,,,,,174.247,0
1987,5,175.405,,,174.886,,,,,,,,,,,174.579,0
1987,6,175.426,,,174.840,,,,,,,,,,,174.594,0
1987,7,175.055,,,174.856,,,,,,,,,,,174.610,0
1987,8,175.143,,,174.787,,,,,,,,,,,174.503,0
1987,9,174.920,,,174.695,,,,,,,,,,,174.338,0
1987,10,174.795,,,174.494,,,,,,,,,,,174.076,0
1987,11,174.786,,,174.408,,,,,,,,,,,173.841,0
1987,12,175.280,,,174.397,,,,,,,,,,,173.241,0
1988,1,174.844,,,174.394,,,,,,,,,,,173.482,0
1988,2,174.613,,,174.387,,,,,,,,,,,173.823,0
1988,3,175.033,,,174.425,,,,,,,,,,,173.960,0
1988,4,174.930,,,174.509,,,,,,,,,,,174.061,0
1988,5,174.841,,,174.546,,,,,,,,,,,174.299,0
1988,6,175.033,,,174.490,,,,,,,,,,,174.247,0
1988,7,174.692,,,174.437,,,,,,,,,,,174.149,0
1988,8,174.704,,,174.379,,,,,,,,,,,173.985,0
1988,9,174.606,,,174.278,,,,,,,,,,,173.832,0
1988,10,174.454,,,174.087,,,,,,,,,,,173.506,0
1988,11,174.530,,,174.087,,,,,,,,,,,173.442,0
1988,12,174.430,,,174.029,,,,,,,,,,,173.598,0
1989,1,174.606,,,174.100,,,,,,,,,,,173.137,0
1989,2,174.421,,,174.108,,,,,,,,,,,173.232,0
1989,3,174.756,,,174.183,,,,,,,,,,,173.601,0
1989,4,174.646,,,174.314,,,,,,,,,,,173.905,0
1989,5,174.853,,,174.374,,,,,,,,,,,173.866,0
1989,6,175.460,,,174.600,,,,,,,,,,,174.250,0
1989,7,175.015,,,174.622,,,,,,,,,,,174.393,0
1989,8,174.780,,,174.506,,,,,,,,,,,174.320,0
1989,9,174.820,,,174.429,,,,,,,,,,,173.979,0
1989,10,174.847,,,174.241,,,,,,,,,,,173.765,0
1989,11,174.439,,,174.057,,,,,,,,,,,173.314,0
1989,12,174.363,,,174.064,,,,,,,,,,,173.509,0
1990,1,174.488,,,174.035,,,,,,,,,,,173.183,0
1990,2,174.722,,,174.223,,,,,,,,,,,173.424,0
1990,3,174.738,,,174.382,,,,,,,,,,,174.055,0
1990,4,174.664,,,174.396,,,,,,,,,,,174.046,0
1990,5,174.844,,,174.465,,,,,,,,,,,173.470,0
1990,6,174.777,,,174.494,,,,,,,,,,,174.006,0
1990,7,174.881,,,174.520,,,,,,,,,,,174.299,0
1990,8,174.887,,,174.515,,,,,,,,,,,174.274,0
1990,9,174.771,,,174.468,,,,,,,,,,,174.030,0
1990,10,174.747,,,174.356,,,,,,,,,,,173.338,0
1990,11,174.820,,,174.251,,,,,,,,,,,173.253,0
1990,12,175.292,,,174.270,,,,,,,,,,,173.250,0
1991,1,175.143,,,174.448,,,,,,,,,,,173.762,0
1991,2,174.811,,,174.390,,,,,,,,,,,173.966,0
1991,3,174.902,,,174.485,,,,,,,,,,,173.500,0
1991,4,174.963,,,174.544,,,,,,,,,,,173.802,0
1991,5,174.960,,,174.613,,,,,,,,,,,174.238,0
1991,6,175.024,,,174.644,,,,,,,,,,,174.433,0
1991,7,174.835,,,174.558,,,,,,,,,,,174.320,0
1991,8,174.762,,,174.503,,,,,,,,,,,174.265,0
1991,9,174.780,,,174.389,,,,,,,,,,,173.863,0
1991,10,174.667,,,174.215,,,,,,,,,,,173.713,0
1991,11,174.524,,,174.080,,,,,,,,,,,173.476,0
1991,12,175.088,,,174.068,,,,,,,,,,,172.979,0
1992,1,174.442,,,174.106,,,,,,,,,,,173.408,0
1992,2,174.487,,,174.184,,,,,,,,,,,173.847,0
1992,3,174.728,,,174.277,,,,,,,,,,,173.814,0
1992,4,174.707,,,174.401,,,,,,,,,,,174.054,0
1992,5,174.743,,,174.496,,,,,,,,,,,174.125,0
1992,6,174.762,,,174.506,,,,,,,,,,,174.207,0
1992,7,175.042,,,174.567,,,,,,,,,,,174.186,0
1992,8,174.810,,,174.604,,,,,,,,,,,174.268,0
1992,9,174.884,,,174.619,,,,,,,,,,,174.234,0
1992,10,174.899,,,174.468,,,,,,,,,,,173.585,0
1992,11,175.088,,,174.483,,,,,,,,,,,173.454,0
1992,12,174.768,,,174.447,,,,,,,,,,,173.500,0
1993,1,175.079,,,174.601,,,,,,,,,,,173.933,0
1993,2,175.173,,,174.588,,,,,,,,,,,174.155,0
1993,3,175.185,,,174.628,,,,,,,,,,,174.173,0
1993,4,175.246,,,174.758,,,,,,,,,,,174.466,0
1993,5,174.975,,,174.731,,,,,,,,,,,174.442,0
1993,6,174.987,,,174.734,,,,,,,,,,,174.362,0
1993,7,174.981,,,174.738,,,,,,,,,,,174.420,0
1993,8,174.920,,,174.671,,,,,,,,,,,174.423,0
1993,9,174.816,,,174.561,,,,,,,,,,,173.762,0
1993,10,174.725,,,174.386,,,,,,,,,,,173.692,0
1993,11,174.820,,,174.305,,,,,,,,,,,173.686,0
1993,12,174.637,,,174.317,,,,,,,,,,,173.707,0
1994,1,174.731,,,174.281,,,,,,,,,,,173.829,0
1994,2,174.874,,,174.281,,,,,,,,,,,173.811,0
1994,3,174.634,,,174.332,,,,,,,,,,,173.975,0
1994,4,174.984,,,174.541,,,,,,,,,,,174.018,0
1994,5,174.960,,,174.577,,,,,,,,,,,174.128,0
1994,6,174.984,,,174.616,,,,,,,,,,,174.250,0
1994,7,174.932,,,174.686,,,,,,,,,,,174.420,0
1994,8,174.874,,,174.652,,,,,,,,,,,174.356,0
1994,9,174.853,,,174.559,,,,,,,,,,,174.161,0
1994,10,174.714,,,174.437,,,,,,,,,,,174.082,0
1994,11,174.777,,,174.274,,,,,,,,,,,173.280,0
1994,12,174.609,,,174.285,,,,,,,,,,,173.896,0
1995,1,174.704,,,174.248,,,,,,,,,,,173.777,0
1995,2,174.774,,,174.283,,,,,,,,,,,173.731,0
1995,3,174.780,,,174.346,,,,,,,,,,,174.097,0
1995,4,175.057,,,174.447,,,,,,,,,,,173.923,0
1995,5,174.798,,,174.502,,,,,,,,,,,174.201,0
1995,6,174.774,,,174.562,,,,,,,,,,,174.390,0
1995,7,174.963,,,174.553,,,,,,,,,,,174.311,0
1995,8,174.804,,,174.581,,,,,,,,,,,174.375,0
1995,9,174.722,,,174.417,,,,,,,,,,,173.960,0
1995,10,174.954,,,174.248,,,,,,,,,,,173.570,0
1995,11,174.893,,,174.132,,,,,,,,,,,173.302,0
1995,12,174.679,,,174.101,,,,,,,,,,,173.369,0
1996,1,174.591,,,174.092,,,,,,,,,,,173.128,0
1996,2,174.347,,,174.119,,,,,,,,,,,173.402,0
1996,3,174.740,,,174.198,,,,,,,,,,,173.344,0
1996,4,174.713,,,174.282,,,,,,,,,,,173.893,0
1996,5,174.951,,,174.523,,,,,,,,,,,174.201,0
1996,6,175.005,,,174.670,,,,,,,,,,,174.402,0
1996,7,174.938,,,174.699,,,,,,,,,,,174.411,0
1996,8,174.891,,,174.681,,,,,,,,,,,174.534,0
1996,9,174.915,,,174.627,,,,,,,,,,,174.159,0
1996,10,174.977,,,174.557,,,,,,,,,,,173.588,0
1996,11,174.760,,,174.464,,,,,,,,,,,174.151,0
1996,12,174.926,,,174.495,,,,,,,,,,,173.812,0
1997,1,175.150,,,174.494,,,,,,,,,,,173.692,0
1997,2,175.387,,,174.585,,,,,,,,,,,173.922,0
1997,3,175.359,,,174.826,,,,,,,,,,,174.090,0
1997,4,175.240,,,174.869,,,,,,,,,,,173.923,0
1997,5,175.231,,,174.876,,,,,,,,,,,174.066,0
1997,6,175.368,,,175.098,,,,,,,,,,,174.880,0
1997,7,175.289,,,175.045,,,,,,,,,,,174.675,0
1997,8,175.135,,,174.947,,,,,,,,,,,174.624,0
1997,9,175.070,,,174.843,,,,,,,,,,,174.291,0
1997,10,175.047,,,174.704,,,,,,,,,,,174.147,0
1997,11,174.913,,,174.543,,,,,,,,,,,174.076,0
1997,12,174.990,,,174.501,,,,,,,,,,,173.915,0
1998,1,175.142,,,174.655,,,,,,,,,,,174.012,0
1998,2,175.350,,,174.748,,,,,,,,,,,174.371,0
1998,3,175.337,,,174.779,,,,,,,,,,,173.902,0
1998,4,175.571,,,174.924,,,,,,,,,,,174.528,0
1998,5,175.211,,,174.942,,,,,,,,,,,174.683,0
1998,6,175.149,,,174.846,,,,,,,,,,,174.431,0
1998,7,175.027,,,174.808,,,,,,,,,,,174.276,0
1998,8,174.944,,,174.757,,,,,,,,,,,174.443,0
1998,9,174.872,,,174.601,,,,,,,,,,,174.377,0
1998,10,174.791,,,174.386,,,,,,,,,,,174.054,0
1998,11,174.519,,,174.156,,,,,,,,,,,173.169,0
1998,12,174.426,,,174.044,,,,,,,,,,,173.369,0
1999,1,174.858,,,174.098,,,,,,,,,,,173.333,0
1999,2,174.437,,,174.168,,,,,,,,,,,173.563,0
1999,3,174.833,,,174.231,,,,,,,,,,,173.692,0
1999,4,174.997,,,174.360,,,,,,,,,,,173.818,0
1999,5,174.720,,,174.363,,,,,,,,,,,173.845,0
1999,6,174.580,,,174.390,,,,,,,,,,,174.041,0
1999,7,174.580,,,174.371,,,,,,,,,,,174.066,0
1999,8,174.574,,,174.343,,,,,,,,,,,174.116,0
1999,9,174.457,,,174.240,,,,,,,,,,,173.855,0
1999,10,174.524,,,174.085,,,,,,,,,,,173.614,0
1999,11,174.360,,,173.953,,,,,,,,,,,173.394,0
1999,12,174.653,,,173.896,,,,,,,,,,,173.237,0
2000,1,174.368,,,173.881,,,,,,,,,,,173.303,0
2000,2,174.045,,,173.816,,,,,,,,,,,173.361,0
2000,3,174.348,,,173.902,,,,,,,,,,,173.531,0
2000,4,174.498,,,174.027,,,,,,,,,,,173.449,0
2000,5,174.750,,,174.159,,,,,,,,,,,173.704,0
2000,6,174.637,,,174.290,,,,,,,,,,,174.005,0
2000,7,174.595,,,174.403,,,,,,,,,,,174.194,0
2000,8,174.587,,,174.385,,,,,,,,,,,174.148,0
2000,9,174.615,,,174.261,,,,,,,,,,,173.755,0
2000,10,174.530,,,174.112,,,,,,,,,,,173.876,0
2000,11,174.351,,,173.907,,,,,,,,,,,173.181,0
2000,12,174.404,,,173.899,,,,,,,,,,,173.008,0
2001,1,174.039,,,173.855,,,,,,,,,,,173.549,0
2001,2,174.346,,,173.885,,,,,,,,,,,173.176,0
2001,3,174.526,,,173.991,,,,,,,,,,,173.567,0
2001,4,174.344,,,174.094,,,,,,,,,,,173.716,0
2001,5,174.390,,,174.150,,,,,,,,,,,173.833,0
2001,6,174.428,,,174.201,,,,,,,,,,,173.880,0
2001,7,174.522,,,174.210,,,,,,,,,,,174.054,0
2001,8,174.323,,,174.150,,,,,,,,,,,173.864,0
2001,9,174.327,,,174.043,,,,,,,,,,,173.611,0
2001,10,174.657,,,173.905,,,,,,,,,,,173.028,0
2001,11,174.251,,,173.890,,,,,,,,,,,173.466,0
2001,12,174.310,,,173.889,,,,,,,,,,,173.473,0
2002,1,174.500,,,173.886,,,,,,,,,,,173.502,0
2002,2,174.564,,,173.986,,,,,,,,,,,173.036,0
2002,3,174.541,,,174.053,,,,,,,,,,,172.773,0
2002,4,174.700,,,174.269,,,,,,,,,,,173.836,0
2002,5,174.703,,,174.365,,,,,,,,,,,173.882,0
2002,6,174.643,,,174.416,,,,,,,,,,,174.038,0
2002,7,174.707,,,174.391,,,,,,,,,,,174.188,0
2002,8,174.588,,,174.359,,,,,,,,,,,174.136,0
2002,9,174.469,,,174.253,,,,,,,,,,,173.996,0
2002,10,174.446,,,174.087,,,,,,,,,,,173.587,0
2002,11,174.249,,,173.879,,,,,,,,,,,173.413,0
2002,12,174.277,,,173.837,,,,,,,,,,,173.357,0
2003,1,174.221,,,173.848,,,,,,,,,,,173.353,0
2003,2,174.183,,,173.837,,,,,,,,,,,173.350,0
2003,3,174.339,,,173.867,,,,,,,,,,,173.618,0
2003,4,174.787,,,174.094,,,,,,,,,,,173.473,0
2003,5,174.501,,,174.156,,,,,,,,,,,173.435,0
2003,6,174.464,,,174.257,,,,,,,,,,,174.024,0
2003,7,174.488,,,174.281,,,,,,,,,,,173.786,0
2003,8,174.534,,,174.317,,,,,,,,,,,174.083,0
2003,9,174.550,,,174.206,,,,,,,,,,,173.702,0
2003,10,174.283,,,174.004,,,,,,,,,,,173.507,0
2003,11,174.299,,,173.883,,,,,,,,,,,172.710,0
2003,12,174.366,,,173.918,,,,,,,,,,,173.336,0
2004,1,174.391,,,173.965,,,,,,,,,,,173.218,0
2004,2,174.271,,,173.924,,,,,,,,,,,173.434,0
2004,3,174.587,,,174.017,,,,,,,,,,,173.303,0
2004,4,174.508,,,174.180,,,,,,,,,,,173.815,0
2004,5,174.762,,,174.302,,,,,,,,,,,173.968,0
2004,6,174.741,,,174.446,,,,,,,,,,,174.217,0
2004,7,174.632,,,174.450,,,,,,,,,,,174.210,0
2004,8,174.665,,,174.443,,,,,,,,,,,174.215,0
2004,9,174.772,,,174.411,,,,,,,,,,,174.245,0
2004,10,174.419,,,174.153,,,,,,,,,,,173.342,0
2004,11,174.527,,,174.063,,,,,,,,,,,173.352,0
2004,12,174.470,,,174.032,,,,,,,,,,,173.170,0
2005,1,174.621,,,174.299,,,,,,,,,,,173.541,0
2005,2,174.740,,,174.323,,,,,,,,,,,174.046,0
2005,3,174.841,,,174.335,,,,,,,,,,,173.895,0
2005,4,174.911,,,174.430,,,,,,,,,,,173.835,0
2005,5,174.827,,,174.474,,,,,,,,,,,174.236,0
2005,6,174.621,,,174.418,,,,,,,,,,,174.059,0
2005,7,174.566,,,174.358,,,,,,,,,,,174.159,0
2005,8,174.633,,,174.302,,,,,,,,,,,173.923,0
2005,9,174.628,,,174.231,,,,,,,,,,,173.553,0
2005,10,174.400,,,174.122,,,,,,,,,,,173.831,0
2005,11,174.480,,,173.885,,,,,,,,,,,173.074,0
2005,12,174.503,,,173.882,,,,,,,,,,,173.094,0
2006,1,174.438,,,174.012,,,,,,,,,,,173.292,0
2006,2,174.456,,,174.046,,,,,,,,,,,173.224,0
2006,3,174.548,,,174.156,,,,,,,,,,,173.494,0
2006,4,174.485,,,174.237,,,,,,,,,,,173.608,0
2006,5,174.594,,,174.281,,,,,,,,,,,173.946,0
2006,6,174.569,,,174.357,,,,,,,,,,,174.124,0
2006,7,174.582,,,174.410,,,,,,,,,,,174.163,0
2006,8,174.679,,,174.421,,,,,,,,,,,174.233,0
2006,9,174.887,,,174.306,,,,,,,,,,,173.922,0
2006,10,174.643,,,174.142,,,,,,,,,,,173.435,0
2006,11,174.486,,,174.174,,,,,,,,,,,173.808,0
2006,12,174.726,,,174.165,,,,,,,,,,,172.967,0
2007,1,174.747,,,174.293,,,,,,,,,,,173.608,0
2007,2,174.750,,,174.248,,,,,,,,,,,173.674,0
2007,3,174.796,,,174.326,,,,,,,,,,,173.851,0
2007,4,174.732,,,174.333,,,,,,,,,,,173.534,0
2007,5,174.713,,,174.442,,,,,,,,,,,174.191,0
2007,6,174.668,,,174.376,,,,,,,,,,,174.111,0
2007,7,174.495,,,174.285,,,,,,,,,,,174.034,0
2007,8,174.568,,,174.289,,,,,,,,,,,173.942,0
2007,9,174.451,,,174.220,,,,,,,,,,,173.778,0
2007,10,174.484,,,174.029,,,,,,,,,,,173.532,0
2007,11,174.365,,,173.827,,,,,,,,,,,172.987,0
2007,12,174.332,,,173.863,,,,,,,,,,,172.979,0
2008,1,174.537,,,173.914,,,,,,,,,,,172.744,0
2008,2,174.701,,,174.113,,,,,,,,,,,172.963,0
2008,3,174.753,,,174.316,,,,,,,,,,,173.886,0
2008,4,174.944,,,174.459,,,,,,,,,,,173.923,0
2008,5,174.793,,,174.409,,,,,,,,,,,174.084,0
2008,6,174.623,,,174.408,,,,,,,,,,,174.161,0
2008,7,174.633,,,174.462,,,,,,,,,,,174.242,0
2008,8,174.626,,,174.368,,,,,,,,,,,174.110,0
2008,9,174.649,,,174.284,,,,,,,,,,,173.838,0
2008,10,174.379,,,174.073,,,,,,,,,,,173.560,0
2008,11,174.375,,,173.943,,,,,,,,,,,173.442,0
2008,12,174.722,,,173.972,,,,,,,,,,,173.049,0
2009,1,174.399,,,174.099,,,,,,,,,,,173.663,0
2009,2,174.507,,,174.123,,,,,,,,,,,173.452,0
2009,3,174.834,,,174.383,,,,,,,,,,,173.647,0
2009,4,174.985,,,174.486,,,,,,,,,,,173.859,0
2009,5,174.876,,,174.537,,,,,,,,,,,174.111,0
2009,6,174.807,,,174.555,,,,,,,,,,,174.321,0
2009,7,174.794,,,174.538,,,,,,,,,,,174.339,0
2009,8,174.678,,,174.500,,,,,,,,,,,174.146,0
2009,9,174.680,,,174.413,,,,,,,,,,,173.486,0
2009,10,174.678,,,174.242,,,,,,,,,,,173.326,0
2009,11,174.586,,,174.161,,,,,,,,,,,173.799,0
2009,12,174.783,,,174.048,,,,,,,,,,,172.866,0
2010,1,174.395,,,174.018,,,,,,,,,,,173.456,0
2010,2,174.442,,,173.977,,,,,,,,,,,173.654,0
2010,3,174.707,,,174.075,,,,,,,,,,,173.875,0
2010,4,174.621,,,174.166,,,,,,,,,,,173.721,0
2010,5,174.841,,,174.302,,,,,,,,,,,173.338,0
2010,6,174.913,,,174.423,,,,,,,,,,,174.012,0
2010,7,174.609,,,174.411,,,,,,,,,,,174.169,0
2010,8,174.606,,,174.366,,,,,,,,,,,174.164,0
2010,9,174.375,,,174.178,,,,,,,,,,,173.835,0
2010,10,174.467,,,174.081,,,,,,,,,,,173.416,0
2010,11,174.382,,,173.954,,,,,,,,,,,173.280,0
2010,12,174.235,,,173.859,,,,,,,,,,,173.433,0
2011,1,174.087,,,173.885,,,,,,,,,,,173.526,0
2011,2,174.566,,,173.840,,,,,,,,,,,173.489,0
2011,3,174.651,,,174.101,,,,,,,,,,,173.570,0
2011,4,174.963,,,174.278,,,,,,,,,,,173.459,0
2011,5,174.864,,,174.542,,,,,,,,,,,174.320,0
2011,6,174.985,,,174.654,,,,,,,,,,,174.390,0
2011,7,174.807,,,174.586,,,,,,,,,,,174.379,0
2011,8,174.735,,,174.516,,,,,,,,,,,174.184,0
2011,9,174.686,,,174.452,,,,,,,,,,,173.916,0
2011,10,175.124,,,174.345,,,,,,,,,,,173.532,0
2011,11,175.070,,,174.274,,,,,,,,,,,173.571,0
2011,12,174.886,,,174.427,,,,,,,,,,,173.803,0
2012,1,174.789,,,174.376,,,,,,,,,,,173.519,0
2012,2,174.776,,,174.392,,,,,,,,,,,173.669,0
2012,3,174.989,,,174.418,,,,,,,,,,,173.619,0
2012,4,174.590,,,174.358,,,,,,,,,,,173.969,0
2012,5,174.574,,,174.363,,,,,,,,,,,174.215,0
2012,6,174.914,,,174.344,,,,,,,,,,,173.795,0
2012,7,174.612,,,174.300,,,,,,,,,,,174.037,0
2012,8,174.382,,,174.184,,,,,,,,,,,173.950,0
2012,9,174.309,,,174.084,,,,,,,,,,,173.809,0
2012,10,174.310,,,173.894,,,,,,,,,,,173.339,0
2012,11,174.189,,,173.916,,,,,,,,,,,173.169,0
2012,12,174.526,,,173.884,,,,,,,,,,,173.258,0
2013,1,174.182,,,173.824,,,,,,,,,,,172.947,0
2013,2,174.323,,,173.889,,,,,,,,,,,173.086,0
2013,3,174.449,,,173.953,,,,,,,,,,,173.380,0
2013,4,174.716,,,174.090,,,,,,,,,,,173.502,0
2013,5,174.446,,,174.183,,,,,,,,,,,173.662,0
2013,6,174.607,,,174.342,,,,,,,,,,,174.023,0
2013,7,174.730,,,174.490,,,,,,,,,,,174.184,0
2013,8,174.587,,,174.395,,,,,,,,,,,174.201,0
2013,9,174.572,,,174.306,,,,,,,,,,,174.112,0
2013,10,174.409,,,174.144,,,,,,,,,,,173.579,0
2013,11,174.455,,,173.989,,,,,,,,,,,173.245,0
2013,12,174.423,,,173.970,,,,,,,,,,,173.274,0
2014,1,174.485,,,174.041,,,,,,,,,,,173.307,0
2014,2,174.275,,,174.007,,,,,,,,,,,173.686,0
2014,3,174.315,,,174.065,,,,,,,,,,,173.755,0
2014,4,174.840,,,174.275,,,,,,,,,,,173.582,0
2014,5,174.637,,,174.425,,,,,,,,,,,174.077,0
2014,6,174.784,,,174.531,,,,,,,,,,,174.277,0
